id,name,image,description,type,cost,slots,effects,requires
17f696c7ce7l0hynrwmh6d0r0rwk2,Ancient Dragons' Lightning Strike,https://eldenring.fanapis.com/images/incantations/17f696c7ce7l0hynrwmh6d0r0rwk2.png,A secret incantation of the capital's ancient dragon cult.,Incantations,27,1,Summons red lightning that spreads from impact,"[{'name': 'Intelligence', 'amount': 0}, {'name': 'Faith', 'amount': 26}, {'name': 'Arcane', 'amount': 0}]"
17f695ad891l0hynrxcposdnx7gy9h,Aspects Of The Crucible: Horns,https://eldenring.fanapis.com/images/incantations/17f695ad891l0hynrxcposdnx7gy9h.png,One of the ancient Erdtree incantations.,Incantations,30,1,creates shoulder horn to gore foes from a low stance.,"[{'name': 'Intelligence', 'amount': 0}, {'name': 'Faith', 'amount': 27}, {'name': 'Arcane', 'amount': 0}]"
17f690dc5ael0hynrxf3lq1w3xcjpr,Agheel's Flame,https://eldenring.fanapis.com/images/incantations/17f690dc5ael0hynrxf3lq1w3xcjpr.png,Superior incantation of Dragon Communion. Channels the power of the flying dragon Agheel.,Incantations,36,1,Spews flame breath of Agheel from above,"[{'name': 'Intelligence', 'amount': 0}, {'name': 'Faith', 'amount': 23}, {'name': 'Arcane', 'amount': 15}]"
17f693bd4f8l0hynrzaixs0xzre1q,Aspects Of The Crucible: Tail,https://eldenring.fanapis.com/images/incantations/17f693bd4f8l0hynrzaixs0xzre1q.png,One of the ancient Erdtree incantations.,Incantations,32,1,Creates supple tail to sweep area before caster,"[{'name': 'Intelligence', 'amount': 0}, {'name': 'Faith', 'amount': 27}, {'name': 'Arcane', 'amount': 0}]"
17f698483c9l0hyns2v5nt60a29sd,Barrier Of Gold,https://eldenring.fanapis.com/images/incantations/17f698483c9l0hyns2v5nt60a29sd.png,One of the incantations of Erdtree Worship. ,Incantations,30,1,Greatly increases magic damage negation for self & allies,"[{'name': 'Intelligence', 'amount': 0}, {'name': 'Faith', 'amount': 24}, {'name': 'Arcane', 'amount': 0}]"
17f6911d8c2l0hyns4qd7p9pfucu26,Ancient Dragons' Lightning Spear,https://eldenring.fanapis.com/images/incantations/17f6911d8c2l0hyns4qd7p9pfucu26.png,A secret incantation of the capital's ancient dragon cult.,Incantations,32,1,Stabs with red lightning spear from above,"[{'name': 'Intelligence', 'amount': 0}, {'name': 'Faith', 'amount': 0}, {'name': 'Arcane', 'amount': 0}]"
17f690418f4l0hyns68vsg9zhbc6w,Beast Claw,https://eldenring.fanapis.com/images/incantations/17f690418f4l0hyns68vsg9zhbc6w.png,"Incantation taught by Gurranq, the Beast Clergyman.",Incantation,10,1,Creates claws that tear through the land.,"[{'name': 'Intelligence', 'amount': 0}, {'name': 'Faith', 'amount': 8}, {'name': 'Arcane', 'amount': 0}]"
17f693c22edl0hynsdj8fz0ddz4vni,Aspect Of The Crucible: Breath,https://eldenring.fanapis.com/images/incantations/17f693c22edl0hynsdj8fz0ddz4vni.png,One of the ancient Erdtree incantations.,Incantations,28,1,Creates throat pouch to spew fire while walking,"[{'name': 'Intelligence', 'amount': 0}, {'name': 'Faith', 'amount': 27}, {'name': 'Arcane', 'amount': 0}]"
17f69691e79l0hyntbidbq75lrrjb7,Bestial Constitution,https://eldenring.fanapis.com/images/incantations/17f69691e79l0hyntbidbq75lrrjb7.png,"Incantation taught by Gurranq, the Beast Clergyman.",Incantations,10,1,Alleviates blood loss and frost buildup,"[{'name': 'Intelligence', 'amount': 0}, {'name': 'Faith', 'amount': 9}, {'name': 'Arcane', 'amount': 0}]"
17f68f98778l0hynteevtb4hr6x90d,Bestial Sling,https://eldenring.fanapis.com/images/incantations/17f68f98778l0hynteevtb4hr6x90d.png,"Incantation taught by Gurranq, the Beast Clergyman. Swiftly flings a number of sharp rock shards. This incantation can be cast without delay after performing another action. It is said that in the time before the Erdtree, stones were the first weapons of the beasts who had gained intelligence.",Incantations,7,1,Swiftly flings numerous sharp rock shards,"[{'name': 'Intelligence', 'amount': 0}, {'name': 'Faith', 'amount': 10}, {'name': 'Arcane', 'amount': 0}]"
17f69160ac9l0hynthagycs7dr7gq7,Black Blade,https://eldenring.fanapis.com/images/incantations/17f69160ac9l0hynthagycs7dr7gq7.png,Power gleaned from the remembrance of Maliketh.,Incantations,26,2,Black blade spinning slash that emits wave of light.,"[{'name': 'Intelligence', 'amount': 0}, {'name': 'Faith', 'amount': 46}, {'name': 'Arcane', 'amount': 0}]"
17f69860befl0hyntmsoo0kq76fsvd,Black Flame Ritual,https://eldenring.fanapis.com/images/incantations/17f69860befl0hyntmsoo0kq76fsvd.png,Superior black flame incantation of the Godskin Apostles. ,Incantations,24,1,Summons circle of black flame pillars around caster.,"[{'name': 'Intelligence', 'amount': 0}, {'name': 'Faith', 'amount': 42}, {'name': 'Arcane', 'amount': 0}]"
17f6982c810l0hyntn0pvua05sv3w,Black Flame,https://eldenring.fanapis.com/images/incantations/17f6982c810l0hyntn0pvua05sv3w.png,A black flame incantation of the Godskin Apostles.,Incantations,15,1,Throws a ball of raging black fire,"[{'name': 'Intelligence', 'amount': 0}, {'name': 'Faith', 'amount': 20}, {'name': 'Arcane', 'amount': 0}]"
17f692ee649l0hyntu1vu7cu8wxah,Black Flame Blade,https://eldenring.fanapis.com/images/incantations/17f692ee649l0hyntu1vu7cu8wxah.png,A black flame incantation of the Godskin Apostles. ,Incantations,15,1,Enchants right-hand armament with black flame,"[{'name': 'Intelligence', 'amount': 0}, {'name': 'Faith', 'amount': 17}, {'name': 'Arcane', 'amount': 0}]"
17f6955e547l0hyntv29oe95w4kpxj,Bestial Vitality,https://eldenring.fanapis.com/images/incantations/17f6955e547l0hyntv29oe95w4kpxj.png,"Incantation taught by Gurranq, the Beast Clergyman.",Incantations,18,1,Heals HP over a period of time,"[{'name': 'Intelligence', 'amount': 0}, {'name': 'Faith', 'amount': 12}, {'name': 'Arcane', 'amount': 0}]"
17f694f1c32l0hynu33qh2e3un2g1,Black Flame's Protection,https://eldenring.fanapis.com/images/incantations/17f694f1c32l0hynu33qh2e3un2g1.png,A black flame incantation of the Godskin Apostles.,Incantations,30,1,Increases phyiscal damage negation,"[{'name': 'Intelligence', 'amount': 0}, {'name': 'Faith', 'amount': 30}, {'name': 'Arcane', 'amount': 0}]"
17f69801f77l0hynudtg36sba9k5lr,Blessing's Boon,https://eldenring.fanapis.com/images/incantations/17f69801f77l0hynudtg36sba9k5lr.png,One of the ancient Erdtree incantations.,Incantations,23,1,Grants blessing to self and nearby allies,"[{'name': 'Intelligence', 'amount': 0}, {'name': 'Faith', 'amount': 24}, {'name': 'Arcane', 'amount': 0}]"
17f690ba6e1l0hynuyuvb7sle1w35,Blessing Of The Erdtree,https://eldenring.fanapis.com/images/incantations/17f690ba6e1l0hynuyuvb7sle1w35.png,One of the ancient Erdtree incantations,Incantations,60,2,Grants greater blessing to self and nearby allies,"[{'name': 'Intelligence', 'amount': 0}, {'name': 'Faith', 'amount': 38}, {'name': 'Arcane', 'amount': 0}]"
17f697aaf25l0hynv3bmpsnp4lpnd,Bloodflame Blade,https://eldenring.fanapis.com/images/incantations/17f697aaf25l0hynv3bmpsnp4lpnd.png,"A Blood Oath incantation, granted by the Lord of Blood. Engulfs armament held in the right hand with bloodflame. This incantation can be cast while in motion. After dealing damage, bloodflame continues to build up onset of blood loss for a very short time.",Incantations,20,1,Enchants right-hand armament with bloodflame,"[{'name': 'Intelligence', 'amount': 0}, {'name': 'Faith', 'amount': 12}, {'name': 'Arcane', 'amount': 10}]"
17f6973c98fl0hynv5gnjf09yvy8y,Bloodflame Talons,https://eldenring.fanapis.com/images/incantations/17f6973c98fl0hynv5gnjf09yvy8y.png,"A Blood Oath incantation, granted by the Lord of Blood.",Incantations,18,1,Creates bloodflame lacerations that then explode,"[{'name': 'Intelligence', 'amount': 0}, {'name': 'Faith', 'amount': 13}, {'name': 'Arcane', 'amount': 15}]"
17f68fd9537l0hynv7q0d210i53bym9,Bloodboon,https://eldenring.fanapis.com/images/incantations/17f68fd9537l0hynv7q0d210i53bym9.png,"Sacred incantation of Mohg, Lord of Blood.",Incantations,15,1,Scatters bloodflame before caster to set area aflame.,"[{'name': 'Intelligence', 'amount': 0}, {'name': 'Faith', 'amount': 14}, {'name': 'Arcane', 'amount': 17}]"
17f695324del0hynv9a91iu7h3knff,Borealis's Mist,https://eldenring.fanapis.com/images/incantations/17f695324del0hynv9a91iu7h3knff.png,Superior incantation of Dragon Communion.,Incantations,48,1,Spews icy breath of Borealis from above,"[{'name': 'Intelligence', 'amount': 0}, {'name': 'Faith', 'amount': 23}, {'name': 'Arcane', 'amount': 15}]"
17f694bc935l0hynvcwx4oahz00k48,Cure Poison,https://eldenring.fanapis.com/images/incantations/17f694bc935l0hynvcwx4oahz00k48.png,Incantation of the Two Fingers' faithful.,Incantation,7,1,Cures Poison ailment and reduces poison build-up.,"[{'name': 'Intelligence', 'amount': 0}, {'name': 'Faith', 'amount': 10}, {'name': 'Arcane', 'amount': 0}]"
17f696d3fddl0hynve32uy42tb6pip,Burn O Flame!,https://eldenring.fanapis.com/images/incantations/17f696d3fddl0hynve32uy42tb6pip.png,One of the incantations that draws directly from the power of the,Incantations,30,1,Raises a series of flame pillars around caster,"[{'name': 'Intelligence', 'amount': 0}, {'name': 'Faith', 'amount': 27}, {'name': 'Arcane', 'amount': 0}]"
17f690b63a9l0hynvpzqrouoa3uwo,Darkness,https://eldenring.fanapis.com/images/incantations/17f690b63a9l0hynvpzqrouoa3uwo.png,"Incantation of the Two Fingers' servants, who once served as the ",Incantations,26,1,Creates area of darkness that conceals caster,"[{'name': 'Intelligence', 'amount': 0}, {'name': 'Faith', 'amount': 18}, {'name': 'Arcane', 'amount': 0}]"
17f6907b527l0hynw9qj9bgu0iu0x,Death Lightning,https://eldenring.fanapis.com/images/incantations/17f6907b527l0hynw9qj9bgu0iu0x.png,Incantation that channels the power of the ancient dragon,Incantation,46,2,Strikes surroundings with storm of death lightning,"[{'name': 'Intelligence', 'amount': 0}, {'name': 'Faith', 'amount': 47}, {'name': 'Arcane', 'amount': 0}]"
17f69836ab4l0hynwcix7z37ngspv,Discus Of Light,https://eldenring.fanapis.com/images/incantations/17f69836ab4l0hynwcix7z37ngspv.png,One of the incantations of the Golden Order fundamentalists. ,Incantations,11,1,Fires ring of light before the caster,"[{'name': 'Intelligence', 'amount': 13}, {'name': 'Faith', 'amount': 13}, {'name': 'Arcane', 'amount': 0}]"
17f695c512fl0hynwmn3k7xy8866e,Divine Fortification,https://eldenring.fanapis.com/images/incantations/17f695c512fl0hynwmn3k7xy8866e.png,Incantation of the Two Fingers' faithful.,Incantations,20,1,Increases holy damage negation.,"[{'name': 'Intelligence', 'amount': 0}, {'name': 'Faith', 'amount': 10}, {'name': 'Arcane', 'amount': 0}]"
17f69850e86l0hynws5vlzzny9q7y,Dragonbolt Blessing,https://eldenring.fanapis.com/images/incantations/17f69850e86l0hynws5vlzzny9q7y.png,"Superior incantation of the capital's ancient dragon cult. Summons lightning to bolster the caster's body. Attacks become easier to deflect and resistance to all ailments is increased. However, lightning damage negation will be reduced. Only those loved by dragons can survive the ordeal of cladding their bodies in lightning.",Incantations,20,1,Bolsters caster's body with lightning,"[{'name': 'Intelligence', 'amount': 0}, {'name': 'Faith', 'amount': 21}, {'name': 'Arcane', 'amount': 0}]"
17f695ddd2cl0hynwt4kcvu1t0jpbh,Dragonice,https://eldenring.fanapis.com/images/incantations/17f695ddd2cl0hynwt4kcvu1t0jpbh.png,One of the incantations of Dragon Communion.,Incantations,36,1,Channels dragon to spew icy breath,"[{'name': 'Intelligence', 'amount': 0}, {'name': 'Faith', 'amount': 15}, {'name': 'Arcane', 'amount': 12}]"
17f695ee05cl0hynwvuh9iqspb3fmk,Dragonclaw,https://eldenring.fanapis.com/images/incantations/17f695ee05cl0hynwvuh9iqspb3fmk.png,One of the incantations of Dragon Communion.,Incantations,42,1,Channels dragon to rend foes with dragon claws,"[{'name': 'Intelligence', 'amount': 0}, {'name': 'Faith', 'amount': 17}, {'name': 'Arcane', 'amount': 13}]"
17f6919abe5l0hynwx7opzx5u5zvs,Dragonfire,https://eldenring.fanapis.com/images/incantations/17f6919abe5l0hynwx7opzx5u5zvs.png,One of the incantations of Dragon Communion.,Incantation,28,1,Channels dragon to spew flame breath,"[{'name': 'Intelligence', 'amount': 0}, {'name': 'Faith', 'amount': 15}, {'name': 'Arcane', 'amount': 12}]"
17f68f9d130l0hynx3f1brjxtzdk9j,Dragonmaw,https://eldenring.fanapis.com/images/incantations/17f68f9d130l0hynx3f1brjxtzdk9j.png,One of the incantations of Dragon Communion.,Incantations,62,1,Channels dragon to bite foes before caster,"[{'name': 'Intelligence', 'amount': 0}, {'name': 'Faith', 'amount': 24}, {'name': 'Arcane', 'amount': 16}]"
17f6909836cl0hynxdbh1rpx4s4xfb,Ekzyke's Decay,https://eldenring.fanapis.com/images/incantations/17f6909836cl0hynxdbh1rpx4s4xfb.png,"Superior incantation of Dragon Communion. Channels the power of Ekzykes, the Decaying.",Incantations,48,1,Spews scarlet rot breath of Ekzykes from above.,"[{'name': 'Intelligence', 'amount': 0}, {'name': 'Faith', 'amount': 23}, {'name': 'Arcane', 'amount': 15}]"
17f693fa72dl0hynxecsuhc2twylv,Ekzykes's Decay,https://eldenring.fanapis.com/images/incantations/17f693fa72dl0hynxecsuhc2twylv.png,"Superior incantation of Dragon Communion. Channels the power of Ekzykes, the Decaying.",Incantations,48,1,Spews scarlet rot breath of Ekzykes from above,"[{'name': 'Intelligence', 'amount': 0}, {'name': 'Faith', 'amount': 23}, {'name': 'Arcane', 'amount': 15}]"
17f694fc4c1l0hynyj2kcaruicejdh,Fire's Deadly Sin,https://eldenring.fanapis.com/images/incantations/17f694fc4c1l0hynyj2kcaruicejdh.png,Incantation originating from a deeply ominous prophecy.,Incantations,26,1,Sets area and self ablaze with raging flames,"[{'name': 'Intelligence', 'amount': 0}, {'name': 'Faith', 'amount': 19}, {'name': 'Arcane', 'amount': 0}]"
17f698775c6l0hynyj6kv53b13zexj,Erdtree Heal,https://eldenring.fanapis.com/images/incantations/17f698775c6l0hynyj6kv53b13zexj.png,One of the ancient Erdtree incantations.,Incantations,65,1,Vastly heals HP for self and nearby allies,"[{'name': 'Intelligence', 'amount': 0}, {'name': 'Faith', 'amount': 42}, {'name': 'Arcane', 'amount': 0}]"
17f6908edd1l0hynyjh9vrt6fwxg9g,"Flame, Fall Upon Them",https://eldenring.fanapis.com/images/incantations/17f6908edd1l0hynyjh9vrt6fwxg9g.png,One of the incantations that draws directly from the power of the,Incantations,24,1,Hurls several balls of fire at once,"[{'name': 'Intelligence', 'amount': 0}, {'name': 'Faith', 'amount': 28}, {'name': 'Arcane', 'amount': 0}]"
17f692cd88cl0hynyo45u48tb1tyn,Ezykes's Decay,https://eldenring.fanapis.com/images/incantations/17f692cd88cl0hynyo45u48tb1tyn.png,Spews scarlet rot breath of Ekzykes from above,Incantations,48,1,???,"[{'name': 'Intelligence', 'amount': 0}, {'name': 'Faith', 'amount': 23}, {'name': 'Arcane', 'amount': 15}]"
17f691a5912l0hynyooe4izs5zxh3t,Electrify Armament,https://eldenring.fanapis.com/images/incantations/17f691a5912l0hynyooe4izs5zxh3t.png,One of the incantations of the capital's ancient dragon cult.,Incantations,21,1,Enchants right-hand armament with lightning damage,"[{'name': 'Intelligence', 'amount': 0}, {'name': 'Faith', 'amount': 15}, {'name': 'Arcane', 'amount': 0}]"
17f6985c468l0hynypycnlfmwjdzds,Flame Fortification,https://eldenring.fanapis.com/images/incantations/17f6985c468l0hynypycnlfmwjdzds.png,Incantation of the Two Fingers' faithful. ,Incantations,20,1,Increases fire damage negation.,"[{'name': 'Intelligence', 'amount': 0}, {'name': 'Faith', 'amount': 10}, {'name': 'Arcane', 'amount': 0}]"
17f6964ed65l0hynyrzn67dmtv89e,Flame Of The Fell God,https://eldenring.fanapis.com/images/incantations/17f6964ed65l0hynyrzn67dmtv89e.png,"This legendary incantation is one of several that draws directly from the power of the Fire Giants. Releases a ball of raging fire said to be inhabited by a fell god. The fireball floats toward enemies and explodes, setting the area ablaze. Arghanthy, the chief guardian of the Flame, had kept this incantation a well-kept secret until it was stolen by Adan. The fell god still lurks within the Fire Giants.",Incantations,20,2,Summons raging fireball that explodes and sets the area ablaze,"[{'name': 'Intelligence', 'amount': 0}, {'name': 'Faith', 'amount': 41}, {'name': 'Arcane', 'amount': 0}]"
17f69225db6l0hynyujjw6qxgtrbk,Elden Stars,https://eldenring.fanapis.com/images/incantations/17f69225db6l0hynyujjw6qxgtrbk.png,This legendary incantation is the most ancient of those that derive from the Erdtree.,Incantations,47,2,Creates a steam of golden shooting stars that assail the area.,"[{'name': 'Intelligence', 'amount': 0}, {'name': 'Faith', 'amount': 50}, {'name': 'Arcane', 'amount': 0}]"
17f692f5b38l0hynzsnci8jsfgasx6,"Flame, Protect Me",https://eldenring.fanapis.com/images/incantations/17f692f5b38l0hynzsnci8jsfgasx6.png,The most ancient of the Fire Monks' incantations.,Incantations,30,1,Greatly increases fire damage negation,"[{'name': 'Intelligence', 'amount': 0}, {'name': 'Faith', 'amount': 24}, {'name': 'Arcane', 'amount': 0}]"
17f693ad486l0hynztvo8jus81t2uf,Fortissax's Lightning Spear,https://eldenring.fanapis.com/images/incantations/17f693ad486l0hynztvo8jus81t2uf.png,Incantation that channels the power of the ancient dragon Fortissax. ,Incantations,64,1,Stabs from above with two red lightning spears in tandem,"[{'name': 'Intelligence', 'amount': 0}, {'name': 'Faith', 'amount': 46}, {'name': 'Arcane', 'amount': 0}]"
17f6939dc0dl0hyo003ig3i03oy5eh,Frozen Lightning Spear,https://eldenring.fanapis.com/images/incantations/17f6939dc0dl0hyo003ig3i03oy5eh.png,"Incantation that channels the power of the Dragonkin Soldiers. Creates a spear of ice lightning and stabs it into the ground from above. On impact, the spear will burst into trails of lightning advancing forwards. The Dragonkin were born in the Eternal City, where they knew no true sky, nor true lightning. Instead, ice lightning was their weapon.",Incantations,36,1,Stabs with ice lightning spear from above,"[{'name': 'Intelligence', 'amount': 0}, {'name': 'Faith', 'amount': 34}, {'name': 'Arcane', 'amount': 0}]"
17f695939cbl0hyo0116aw3hbaoca,Glintstone Breath,https://eldenring.fanapis.com/images/incantations/17f695939cbl0hyo0116aw3hbaoca.png,One of the incantations of Dragon Communion.,Incantations,36,1,Channels dragon to spew icy breath.,
17f68ff32f6l0hyo035frl5ld6347k,Golden Lightning Fortification,https://eldenring.fanapis.com/images/incantations/17f68ff32f6l0hyo035frl5ld6347k.png,An incantation of Erdtree Worship.,Incantations,30,1,Greatly increases lightning resistance for self and allies,"[{'name': 'Intelligence', 'amount': 0}, {'name': 'Faith', 'amount': 24}, {'name': 'Arcane', 'amount': 0}]"
17f690e9092l0hyo03nyw25bgiu4hs,Frenzied Burst,https://eldenring.fanapis.com/images/incantations/17f690e9092l0hyo03nyw25bgiu4hs.png,Incantations originating from the maddening Three Fingers.,Incantations,24,1,Emits concentrated blast of yellow flame of frenzy from eyes,"[{'name': 'Intelligence', 'amount': 0}, {'name': 'Faith', 'amount': 22}, {'name': 'Arcane', 'amount': 0}]"
17f695e7bcdl0hyo059aa6ajju2es,Giantsflame Take Thee,https://eldenring.fanapis.com/images/incantations/17f695e7bcdl0hyo059aa6ajju2es.png,One of the incantations that draws directly from the power of the,Incantations,32,2,Hurls massive ball of raging fire,"[{'name': 'Intelligence', 'amount': 0}, {'name': 'Faith', 'amount': 30}, {'name': 'Arcane', 'amount': 0}]"
17f69510ee3l0hyo0f0mccaj31dwhq,Golden Vow (spell),https://eldenring.fanapis.com/images/incantations/17f69510ee3l0hyo0f0mccaj31dwhq.png,An incantation of Erdtree Worship.,Incantations,47,1,Increases attack and defense for self and allies,"[{'name': 'Intelligence', 'amount': 0}, {'name': 'Faith', 'amount': 25}, {'name': 'Arcane', 'amount': 0}]"
17f69535c25l0hyo1gmmkqtdazls9,Gurrang's Beast Claw,https://eldenring.fanapis.com/images/incantations/17f69535c25l0hyo1gmmkqtdazls9.png,"Superior incantation taught by Gurranq, the Beast Clergyman. ",Incantations,21,1,Creates beast claws to rend surroundings with shockwaves,"[{'name': 'Intelligence', 'amount': 0}, {'name': 'Faith', 'amount': 15}, {'name': 'Arcane', 'amount': 0}]"
17f69822dd3l0hyo1hzk48p9uymlan,Immutable Shield,https://eldenring.fanapis.com/images/incantations/17f69822dd3l0hyo1hzk48p9uymlan.png,One of the incantations of the Golden Order fundamentalists. ,Incantations,15,1,Increases left-hand shield's affinity/ailment resistance,"[{'name': 'Intelligence', 'amount': 19}, {'name': 'Faith', 'amount': 19}, {'name': 'Arcane', 'amount': 0}]"
17f692dbdc9l0hyo1jah0ket283h6d,Heal,https://eldenring.fanapis.com/images/incantations/17f692dbdc9l0hyo1jah0ket283h6d.png,Incantation of the Two Fingers' faithful.,Incantation,32,1,Heals HP for you and nearby allies.,"[{'name': 'Intelligence', 'amount': 0}, {'name': 'Faith', 'amount': 12}, {'name': 'Arcane', 'amount': 0}]"
17f69430705l0hyo1jpd17zxxmmdyl,Howl Of Shabriri,https://eldenring.fanapis.com/images/incantations/17f69430705l0hyo1jpd17zxxmmdyl.png,Incantation originating from the maddening Three Fingers. ,Incantations,21,1,"Shrieks, building up madness in nearby foes","[{'name': 'Intelligence', 'amount': 0}, {'name': 'Faith', 'amount': 33}, {'name': 'Arcane', 'amount': 0}]"
17f6926bc7dl0hyo1ku9wh0qz4eyh6,Great Heal,https://eldenring.fanapis.com/images/incantations/17f6926bc7dl0hyo1ku9wh0qz4eyh6.png,Superior incantation of the Two Fingers' faithful.,Incantations,45,1,Greatly Heals HP for self and nearby allies,"[{'name': 'Intelligence', 'amount': 0}, {'name': 'Faith', 'amount': 15}, {'name': 'Arcane', 'amount': 0}]"
17f693e76abl0hyo1mzypokk5gvlz,Greyoll's Roar,https://eldenring.fanapis.com/images/incantations/17f693e76abl0hyo1mzypokk5gvlz.png,"Superior incantation of Dragon Communion. Channels the power of Greyoll, the Elder Dragon. An incantation of legendary status.",Incantation,75,2,Emits the roar of Elder Dragon Greyoll.,"[{'name': 'Intelligence', 'amount': 0}, {'name': 'Faith', 'amount': 28}, {'name': 'Arcane', 'amount': 17}]"
17f68fa0c30l0hyo1qasgyir08s9kb,Inescapable Frenzy,https://eldenring.fanapis.com/images/incantations/17f68fa0c30l0hyo1qasgyir08s9kb.png,Incantation originating from the maddening Three Fingers. ,Incantations,32,1,Latches onto foes to spread madness,"[{'name': 'Intelligence', 'amount': 0}, {'name': 'Faith', 'amount': 21}, {'name': 'Arcane', 'amount': 0}]"
17f6904f3b2l0hyo1u5sqdw9zxr0g,Honed Bolt,https://eldenring.fanapis.com/images/incantations/17f6904f3b2l0hyo1u5sqdw9zxr0g.png,One of the incantations of the capital's ancient dragon cult.,Incantations,12,1,Strikes foe with lightning bolt from above,"[{'name': 'Intelligence', 'amount': 0}, {'name': 'Faith', 'amount': 24}, {'name': 'Arcane', 'amount': 0}]"
17f69773db5l0hyo3532itzerrsdj,Lansseax's Glaive,https://eldenring.fanapis.com/images/incantations/17f69773db5l0hyo3532itzerrsdj.png,Incantation that channels the powr of the ancient dragon Lansseax.,Incantations,35,1,Sweeps from above with red lightning glaive.,"[{'name': 'Intelligence', 'amount': 0}, {'name': 'Faith', 'amount': 40}, {'name': 'Arcane', 'amount': 0}]"
17f696de88al0hyo39vlr771is6fv,Lightning Fortification,https://eldenring.fanapis.com/images/incantations/17f696de88al0hyo39vlr771is6fv.png,Incantation of the Two Fingers' faithful. ,Incantations,20,1,Increass lighting damage negation,"[{'name': 'Intelligence', 'amount': 0}, {'name': 'Faith', 'amount': 10}, {'name': 'Arcane', 'amount': 0}]"
17f69602ae3l0hyo3a6ruzolnobp3o,Lord's Aid,https://eldenring.fanapis.com/images/incantations/17f69602ae3l0hyo3a6ruzolnobp3o.png,Incantation bestowed by the Two Fingers upon the Tarnished,Incantations,9,1,Alleviates poison / blood loss / sleep buildup for self / allies,"[{'name': 'Intelligence', 'amount': 0}, {'name': 'Faith', 'amount': 12}, {'name': 'Arcane', 'amount': 0}]"
17f6908485dl0hyo3bkdtot70uk3p4,Lightning Spear,https://eldenring.fanapis.com/images/incantations/17f6908485dl0hyo3bkdtot70uk3p4.png,"One of the incantations of the capital's ancient dragon cult. Summons a lightning spear and hurls it before the caster. Charging causes a lightning bolt to strike the point ofimpact. Long ago, Godwyn the Golden defeated the ancient dragon Fortissax, and befriended his fallen foe — an event that gave rise to the ancient dragon cult in the capital.",Incantations,14,1,Hurls lightning spear before caster,"[{'name': 'Intelligence', 'amount': 0}, {'name': 'Faith', 'amount': 17}, {'name': 'Arcane', 'amount': 0}]"
17f6933b1fdl0hyo3bz9d9loqhf9qh,Law Of Causality,https://eldenring.fanapis.com/images/incantations/17f6933b1fdl0hyo3bz9d9loqhf9qh.png,One of the incantations of the Golden Order fundamentalists.,Incantations,22,1,Retaliates upon receiving a number of blows,"[{'name': 'Intelligence', 'amount': 0}, {'name': 'Faith', 'amount': 0}, {'name': 'Arcane', 'amount': 0}]"
17f6908f509l0hyo3cd6br7iexs0ys,Litany Of Proper Death,https://eldenring.fanapis.com/images/incantations/17f6908f509l0hyo3cd6br7iexs0ys.png,One of the incantations of the Golden Order fundamentalists. ,Incantation,17,1,Creates image of Order to deal holy damage,"[{'name': 'Intelligence', 'amount': 17}, {'name': 'Faith', 'amount': 17}, {'name': 'Arcane', 'amount': 0}]"
17f693addcel0hyo3dh93zpcxbralt,Law Of Regression,https://eldenring.fanapis.com/images/incantations/17f693addcel0hyo3dh93zpcxbralt.png,"Incantation of the Golden Order fundamentalists. One of the key fundamentals. Heals all negative statuses, dispels special effects, and reveals mimicry in all its forms. The fundamentalists describe the Golden Order through the powers of regression and causality. Regression is the pull of meaning; that all things yearn eternally to converge.",Incantations,55,1,Heals all ailments and dispels all special effects,"[{'name': 'Intelligence', 'amount': 37}, {'name': 'Faith', 'amount': 0}, {'name': 'Arcane', 'amount': 0}]"
17f69522233l0hyo3e7aqun8itt9a,Lightning Strike,https://eldenring.fanapis.com/images/incantations/17f69522233l0hyo3e7aqun8itt9a.png,One of the incantations of the capital's ancient dragon cult.,Incantations,17,1,Summons lightning bolt that spreads from impact.,"[{'name': 'Intelligence', 'amount': 0}, {'name': 'Faith', 'amount': 28}, {'name': 'Arcane', 'amount': 0}]"
17f6988869dl0hyo4qsblr2lchs3q7,Lord's Divine Fortification,https://eldenring.fanapis.com/images/incantations/17f6988869dl0hyo4qsblr2lchs3q7.png,Incantation taught to Gideon the All-Knowing by the Two,Incantations,30,1,Greatly increases holy damage negation incl. allies,"[{'name': 'Intelligence', 'amount': 0}, {'name': 'Faith', 'amount': 27}, {'name': 'Arcane', 'amount': 0}]"
17f69634f78l0hyo4s4zggpkf72qsp,Lord's Heal,https://eldenring.fanapis.com/images/incantations/17f69634f78l0hyo4s4zggpkf72qsp.png,Incantation bestowed by the Two Fingers upon the Tarnished,Incantations,42,1,Massively heals HP for self and nearby allies,"[{'name': 'Intelligence', 'amount': 0}, {'name': 'Faith', 'amount': 20}, {'name': 'Arcane', 'amount': 0}]"
17f68fdec40l0hyo4sbk8kjcr4p6lp,Order Healing,https://eldenring.fanapis.com/images/incantations/17f68fdec40l0hyo4sbk8kjcr4p6lp.png,One of the incantations of the Golden Order fundamentalists.,Incantations,15,1,Alleviates death blight buildup,"[{'name': 'Intelligence', 'amount': 0}, {'name': 'Faith', 'amount': 0}, {'name': 'Arcane', 'amount': 0}]"
17f6962911el0hyo4s02nf0ie24nvc,Noble Presence,https://eldenring.fanapis.com/images/incantations/17f6962911el0hyo4s02nf0ie24nvc.png,Ancient power of the Godskin Nobles. ,Incantations,20,1,Thrust out belly with gusto to unelash repelling shockwave,"[{'name': 'Intelligence', 'amount': 0}, {'name': 'Faith', 'amount': 26}, {'name': 'Arcane', 'amount': 0}]"
17f692fa4d2l0hyo4uc4mjru3qoaee,Order's Blade,https://eldenring.fanapis.com/images/incantations/17f692fa4d2l0hyo4uc4mjru3qoaee.png,One of the incantations of the Golden Order fundamentalists. Used by hunters of Those Who Live in Death. Enchants armament held in the right hand with holy-affinity attacks. This incantation is especially damaging to Those Who Live in Death. Any felled by this incantation cannot be revived. The role of the hunters is to stamp out defiled reason - all for the perfection of the Golden Order.,Incantations,22,1,Enchanted right-hand armament with holy damage,"[{'name': 'Intelligence', 'amount': 13}, {'name': 'Faith', 'amount': 13}, {'name': 'Arcane', 'amount': 0}]"
17f69295d83l0hyo4wyff4k2r6tkno,Magic Fortification,https://eldenring.fanapis.com/images/incantations/17f69295d83l0hyo4wyff4k2r6tkno.png,"Incantation of the Two Fingers' faithful. Increases magic damage negation. This incantation can be cast while in motion. Follow the path that has been set for you, and you will make enemies of all others: the monks, the sorcerers, the ancient dragon knights, and the scions of gold. Heed me – the Lands Between offers no welcome to the Tarnished.",Incantations,20,1,Increases magic damage negation,"[{'name': 'Intelligence', 'amount': 0}, {'name': 'Faith', 'amount': 10}, {'name': 'Arcane', 'amount': 0}]"
17f6946750bl0hyo4yckgppsbgjyai,"O, Flame!",https://eldenring.fanapis.com/images/incantations/17f6946750bl0hyo4yckgppsbgjyai.png,Incantation of the Fire Monks.,Incantations,12,1,Momentarily sparks roaring flame from hand,"[{'name': 'Intelligence', 'amount': 0}, {'name': 'Faith', 'amount': 16}, {'name': 'Arcane', 'amount': 0}]"
17f6917092dl0hyo511p1ard3b4xwm,Magma Breath,https://eldenring.fanapis.com/images/incantations/17f6917092dl0hyo511p1ard3b4xwm.png,One of the incantations of Dragon Communion. ,Incantations,30,1,Channels wyrm to spew magma breath,"[{'name': 'Intelligence', 'amount': 0}, {'name': 'Faith', 'amount': 14}, {'name': 'Arcane', 'amount': 10}]"
17f6971f6b6l0hyo69cly6crooe39,Pest Threads,https://eldenring.fanapis.com/images/incantations/17f6971f6b6l0hyo69cly6crooe39.png,Incantation of the servants of rot.,Incantations,19,1,Launches countless sticky threads before caster,"[{'name': 'Intelligence', 'amount': 0}, {'name': 'Faith', 'amount': 11}, {'name': 'Arcane', 'amount': 0}]"
17f697ae98fl0hyo6a7rwr36m0lrsr,Protection Of The Erdtree,,"A superior incantation of Erdtree Worship. Increase damage negation for all affinities except physical, for both the caster and nearby allies. Hold to continue praying and delay activation. In the beginning, everything was in opposition to the Erdtree. But through countless victories in war, it became the embodiment of Order.",Incantations,30,1,Increases affinity damage negation for self & allies,"[{'name': 'Intelligence', 'amount': 0}, {'name': 'Faith', 'amount': 35}, {'name': 'Arcane', 'amount': 0}]"
17f6922607fl0hyo6c1nfqul6hljpg,Poison Armament,https://eldenring.fanapis.com/images/incantations/17f6922607fl0hyo6c1nfqul6hljpg.png,"Incantation of the servants of rot. Enchants armament held in the right hand with poison. This incantation can be cast while in motion. Those who dwell within poison know rot all too well. The death that begets life, that comes to all equally. That is to say: it is the cycle of rebirth put into practice.",Incantations,15,1,,"[{'name': 'Intelligence', 'amount': 0}, {'name': 'Faith', 'amount': 10}, {'name': 'Arcane', 'amount': 0}]"
17f6958b760l0hyo6c41h81a4ao9ihh,Placidusax's Ruin,https://eldenring.fanapis.com/images/incantations/17f6958b760l0hyo6c41h81a4ao9ihh.png,Power gleaned form the remembrance of Dragonlord Placidusax. ,Incantations,80,3,Spews golden breath of Dragonlord Placidusax,"[{'name': 'Intelligence', 'amount': 0}, {'name': 'Faith', 'amount': 36}, {'name': 'Arcane', 'amount': 0}]"
17f695abe1dl0hyo6ddrxsg47tz9j9,Poison Mist,https://eldenring.fanapis.com/images/incantations/17f695abe1dl0hyo6ddrxsg47tz9j9.png,Incantation of the servants of rot.,Incantations,18,1,Releases poison mist before caster.,"[{'name': 'Intelligence', 'amount': 0}, {'name': 'Faith', 'amount': 12}, {'name': 'Arcane', 'amount': 0}]"
17f69215aafl0hyo6fnokhkxl7dq4p,Radagon's Rings Of Light,https://eldenring.fanapis.com/images/incantations/17f69215aafl0hyo6fnokhkxl7dq4p.png,One of the incantations of the Golden Order fundamentalists.,Incantations,29,1,Creates golden ring of light to attack wide area,"[{'name': 'Intelligence', 'amount': 31}, {'name': 'Faith', 'amount': 31}, {'name': 'Arcane', 'amount': 0}]"
17f6968b28dl0hyo6loaay43jahfcp,Rotten Breath,https://eldenring.fanapis.com/images/incantations/17f6968b28dl0hyo6loaay43jahfcp.png,One of the incantations of Dragon Communion.,Incantations,36,1,Channels dragon to spew scarlet rot breath,"[{'name': 'Intelligence', 'amount': 0}, {'name': 'Faith', 'amount': 15}, {'name': 'Arcane', 'amount': 12}]"
17f695dd7d9l0hyo6nbzipolrbtuxg,Rejection,https://eldenring.fanapis.com/images/incantations/17f695dd7d9l0hyo6nbzipolrbtuxg.png,Incantation of the Two Fingers' faithful.,Incantation,9,1,Produces a shockwave that pushes away foes.,"[{'name': 'Intelligence', 'amount': 0}, {'name': 'Faith', 'amount': 12}, {'name': 'Arcane', 'amount': 0}]"
17f694d5050l0hyo7rhkcg4j0qaii,Smarag's Glintstone Breath,https://eldenring.fanapis.com/images/incantations/17f694d5050l0hyo7rhkcg4j0qaii.png,Superior incantation of Dragon Communion.,Incantations,36,1,Spews magic breath of Glintstone Dragon Smarag from above,"[{'name': 'Intelligence', 'amount': 0}, {'name': 'Faith', 'amount': 23}, {'name': 'Arcane', 'amount': 15}]"
17f69771088l0hyo7tmllgof77289o,Stone Of Gurranq,https://eldenring.fanapis.com/images/incantations/17f69771088l0hyo7tmllgof77289o.png,"Superior incantation taught by Gurranq, the Beast Clergyman. ",Incantations,15,1,Hurls a boulder before the caster,"[{'name': 'Intelligence', 'amount': 0}, {'name': 'Faith', 'amount': 13}, {'name': 'Arcane', 'amount': 0}]"
17f692aa326l0hyo81f3t0bbkonkwh,"Surge, O Flame!",https://eldenring.fanapis.com/images/incantations/17f692aa326l0hyo81f3t0bbkonkwh.png,Superior incantation of the Fire Monks.,Incantations,1,1,Incinerates area before caster with stream of fire,"[{'name': 'Intelligence', 'amount': 0}, {'name': 'Faith', 'amount': 9}, {'name': 'Arcane', 'amount': 0}]"
17f691c3d89l0hyo81xcmf8pooodpu,Shadow Bait,https://eldenring.fanapis.com/images/incantations/17f691c3d89l0hyo81xcmf8pooodpu.png,"Incantation of the Two Fingers' sewants, who once served as the",Incantations,15,1,Creates shadow that lures the aggression of foes of human build,"[{'name': 'Intelligence', 'amount': 0}, {'name': 'Faith', 'amount': 13}, {'name': 'Arcane', 'amount': 0}]"
17f692422c4l0hyo84mlas2e4zch5,Scouring Black Flame,https://eldenring.fanapis.com/images/incantations/17f692422c4l0hyo84mlas2e4zch5.png,"A black flame incantation of the Godskin Apostles. Sweeps a wide area before the caster with black flame. Charging enhances range. The black flame could once slay gods. But when Maliketh sealed Destined Death, the true power of the black flame was lost.",Incantations,27,1,Sweeps area before caster with black flame,"[{'name': 'Intelligence', 'amount': 0}, {'name': 'Faith', 'amount': 28}, {'name': 'Arcane', 'amount': 0}]"
17f6904109al0hyo84mydzpc5usap9,Scarlet Aeonia,https://eldenring.fanapis.com/images/incantations/17f6904109al0hyo84mydzpc5usap9.png,"Technique of Malenia, the Goddess of Rot. ",Incantations,56,3,Creates a giant flower that explodes with scarlet rot.,"[{'name': 'Intelligence', 'amount': 0}, {'name': 'Faith', 'amount': 35}, {'name': 'Arcane', 'amount': 0}]"
17f6925361el0hyo84va1dajld4erh,Swarm Of Flies,https://eldenring.fanapis.com/images/incantations/17f6925361el0hyo84va1dajld4erh.png,"A Blood Oath incantation, shared from the Lord of Blood's power. Releases a swarm of bloodflies before the caster to assault foes. The vile swarm deals damage and builds up onset of blood loss. This incantation can be cast while in motion. The new palace of the Lord of Blood lies in a swamp of festering blood, and these flies are said to spawn from excrement in that land. ",Incantations,14,1,Releases a swarm of bloodflies before the caster,"[{'name': 'Intelligence', 'amount': 0}, {'name': 'Faith', 'amount': 11}, {'name': 'Arcane', 'amount': 16}]"
17f69632226l0hyo91iqbjmg4xbw1,The Flame Of Frenzy,https://eldenring.fanapis.com/images/incantations/17f69632226l0hyo91iqbjmg4xbw1.png,Incantation originating from the maddening Three Fingers.,Incantation,16,1,Emits burst of yellow flame of frenzy from eyes,"[{'name': 'Intelligence', 'amount': 0}, {'name': 'Faith', 'amount': 16}, {'name': 'Arcane', 'amount': 0}]"
17f69603e55l0hyo92oip6kr38j99r,Theodorix's Magma,https://eldenring.fanapis.com/images/incantations/17f69603e55l0hyo92oip6kr38j99r.png,Superior incantation of Dragon Communion. Channels the power of the great wyrm Theodorix. Transforms caster into a great wyrm to spew a large volume of magma breath. Allows one follow-up attack. The name of the ancient troll warrior Theodorix lives on — as a hero of the War against the Giants.,Incantations,45,1,Spews magma breath of Theodorix from above,"[{'name': 'Intelligence', 'amount': 0}, {'name': 'Faith', 'amount': 21}, {'name': 'Arcane', 'amount': 14}]"
17f692da48al0hyo9dril53k44haam,Unendurable Frenzy,https://eldenring.fanapis.com/images/incantations/17f692da48al0hyo9dril53k44haam.png,Incantation originating from the maddening Three Fingers. Causes the yellow flame of frenzy to violently burst forth from the caster's eyes. Hold to continue channeling the flame. This incantation can be used while in motion. It is the maddening pain and unstoppable tears of those afflicted with the flame of frenzy brought into being. ,Incantations,42,1,Emits violent burst of yellow flame of frenzy from eyes.,"[{'name': 'Intelligence', 'amount': 0}, {'name': 'Faith', 'amount': 31}, {'name': 'Arcane', 'amount': 0}]"
17f6912a13el0hyo9e5e3yb9u659qs,Triple Rings Of Light,https://eldenring.fanapis.com/images/incantations/17f6912a13el0hyo9e5e3yb9u659qs.png,"One of the incantations of the Golden Order fundamentalists. Produces three rings of light and fires them forwards. The rings of light return to a position close to the caster before disappearing. This incantation can be cast repeatedly. A gift from the young Ivliquella to his father, Radagon.",Incantations,23,1,Fire three rings of light before the caster,"[{'name': 'Intelligence', 'amount': 23}, {'name': 'Faith', 'amount': 23}, {'name': 'Arcane', 'amount': 0}]"
17f690c2762l0hyo9glzbxuxlwc2dh,"Whirl, O Flame!",https://eldenring.fanapis.com/images/incantations/17f690c2762l0hyo9glzbxuxlwc2dh.png,Superior Incantation of the Fire Monks. ,Incantations,21,1,Sweeps area before caster with stream of fire,"[{'name': 'Intelligence', 'amount': 0}, {'name': 'Faith', 'amount': 13}, {'name': 'Arcane', 'amount': 0}]"
17f694ba1f5l0hyo9j21xk3iv8ws5v,Vyke's Dragonbolt,https://eldenring.fanapis.com/images/incantations/17f694ba1f5l0hyo9j21xk3iv8ws5v.png,"Incantation of Vyke, knight of the Roundtable Hold.",Incantations,27,1,Enchants right-hand armament with lightning damage,
17f698ccf55l0hyo9juunjo3lodn1n,Urgent Heal,https://eldenring.fanapis.com/images/incantations/17f698ccf55l0hyo9juunjo3lodn1n.png,Incantation of the Two Fingers faithful.,Incantation,16,1,Heals a small amount of HP.,"[{'name': 'Intelligence', 'amount': 0}, {'name': 'Faith', 'amount': 8}, {'name': 'Arcane', 'amount': 0}]"
17f693ca95el0hyo9lhohewhkatfd,Wrath Of Gold,https://eldenring.fanapis.com/images/incantations/17f693ca95el0hyo9lhohewhkatfd.png,"Superior Erdtree Worship incantation. Produces a golden shockwave that knocks back nearby foes. Charging increases the size of the shockwave. This incantation was discovered when the Elden Ring was shattered, and it was feared as a sign of the Erdtree's wrath.",Incantations,40,1,Produces golden shockwave that knocks back foes,"[{'name': 'Intelligence', 'amount': 0}, {'name': 'Faith', 'amount': 32}, {'name': 'Arcane', 'amount': 0}]"
sote-incantations-0,Furious Blade of Ansbach,/items/incantations/sote-incantations-0.png,"Incantation of Ansbach, Pureblood Knight. Produces a bloodflame blade from the side of the hand, then lunges at enemies to cleave through them. Charge to increase the number of slashes. Markedly different from the finessed swordplay of the dynast, this is an aggressive last resort of an incantation that gave rise to Ansbach's fearsome reputation.",Incantations,18,1,Cleaves through enemies with bloodflame blade summoned from side of the hand,"[{'name': 'Intelligence', 'amount': 0}, {'name': 'Faith', 'amount': 19}, {'name': 'Arcane', 'amount': 27}]"
sote-incantations-1,Heal from Afar,/items/incantations/sote-incantations-1.png,"An Erdtree incantation discovered in the realm of shadow. Fires a projectile toward distant allies that greatly restores HP on contact. Even when far beyond, far out of sight, the Erdtree will surely give us its blessing.",Incantations,45,1,Greatly heals HP for distant allies the spell reaches,"[{'name': 'Intelligence', 'amount': 0}, {'name': 'Faith', 'amount': 18}, {'name': 'Arcane', 'amount': 0}]"
sote-incantations-2,Aspects of the Crucible: Thorns,/items/incantations/sote-incantations-2.png,"Aspect of the Crucible that manifested in golden hippopotami. Creates a bristling mass of thorn-like fur on the caster's back before scouring the area by rolling around on the ground. Charging increases potency. In an age long past, before this land was enshrouded in shadow, the vitality of the Crucible flourished. Remains of this can be seen in the ancient ruins.",Incantations,14,1,Creates a mass of bristling thorns on back to scour the area,"[{'name': 'Intelligence', 'amount': 0}, {'name': 'Faith', 'amount': 27}, {'name': 'Arcane', 'amount': 0}]"
sote-incantations-3,Aspects of the Crucible: Bloom,/items/incantations/sote-incantations-3.png,"Aspect of the Crucible discovered in the ancient ruins. Creates a miranda flower on one's chest before calling down a rain of light. Charging increases potency. In an age long past, before this land was enshrouded in shadow, the vitality of the Crucible flourished.",Incantations,23,1,Creates a miranda flower on chest to summon rain of light,"[{'name': 'Intelligence', 'amount': 0}, {'name': 'Faith', 'amount': 27}, {'name': 'Arcane', 'amount': 0}]"
sote-incantations-4,Minor Erdtree,/items/incantations/sote-incantations-4.png,"Secret incantation of Queen Marika. Only the kindness of gold, without Order. Creates a small, illusory Erdtree that continuously restores the HP of nearby allies. Marika bathed the village of her home in gold, knowing full well that there was no one to heal.",Incantations,30,2,Continuously heals allies in the area,"[{'name': 'Intelligence', 'amount': 0}, {'name': 'Faith', 'amount': 70}, {'name': 'Arcane', 'amount': 0}]"
sote-incantations-5,Land of Shadow (Incantation),/items/incantations/sote-incantations-5.png,"Incantation originating from Scadutree avatars. Creates a hail of golden projectiles which are fired toward foes after a brief delay. This incantation channels the force of the Scadutree's power, and its gold is accompanied by shadow.",Incantations,40,1,Fires a hail of golden projectiles toward foes,"[{'name': 'Intelligence', 'amount': 0}, {'name': 'Faith', 'amount': 58}, {'name': 'Arcane', 'amount': 0}]"
sote-incantations-6,Wrath from Afar,/items/incantations/sote-incantations-6.png,"An Erdtree incantation discovered in the realm of shadow. Fires a golden shockwave that knocks back nearby foes. Charging increases the size of the shockwave. When the Elden Ring was shattered, the people of the realm of shadow felt it tooand feared it as a sign of the Erdtree's wrath.",Incantations,18,1,Fires a golden shockwave that knocks back foes,"[{'name': 'Intelligence', 'amount': 0}, {'name': 'Faith', 'amount': 34}, {'name': 'Arcane', 'amount': 0}]"
sote-incantations-7,Light of Miquella,/items/incantations/sote-incantations-7.png,"The strength of Miquella upon his deific return, wielded as an incantation. Annihilates foes with a pillar of light. Miquella sought to accept all that was and would be, but found one that refused to be embraced. No wonder, as one god, and one king consort, is all the world needs.",Incantations,48,2,Annihilates foes with a pillar of light,"[{'name': 'Intelligence', 'amount': 0}, {'name': 'Faith', 'amount': 72}, {'name': 'Arcane', 'amount': 0}]"
sote-incantations-8,Multilayered Ring of Light,/items/incantations/sote-incantations-8.png,"Incantation of those who served Miquella. Produces a multilayered ring of golden light and fires it forwards, inflicting continuous damage on those struck by it. Charging increases potency. This light-ring incantation was cultivated by a tradition separate from Golden Order fundamentalism.",Incantations,23,1,Fires a multilayered golden ring of light that continuously inflicts damage,"[{'name': 'Intelligence', 'amount': 0}, {'name': 'Faith', 'amount': 36}, {'name': 'Arcane', 'amount': 0}]"
sote-incantations-9,Roar of Rugalea,/items/incantations/sote-incantations-9.png,"An incantation of what is jokingly called ""the bear communion."" Channels the power of Rugalea, the great red bear. Transform oneself into a great red bear and emit a mighty roar. Charging increases potency. An incantation that is more akin to the divine invocation of the hornsent than it is to the Dragon Communion. Only through desperate battle with the feral wild can one discover a god unique to oneself.",Incantations,17,1,Channels great red bear to emit a furious roar,"[{'name': 'Intelligence', 'amount': 0}, {'name': 'Faith', 'amount': 14}, {'name': 'Arcane', 'amount': 0}]"
sote-incantations-10,Knight's Lightning Spear,/items/incantations/sote-incantations-10.png,"One of the incantations of the capital's ancient dragon cult. Summons a lightning spear while also manifesting ancient dragon crests. On throwing the spear, the crests will launch additional spears. Charge to increase the number of crests. An incantation that was taught only to the most accomplished knights, and now a lost art in the Lands Between.",Incantations,29,1,Hurls lightning spear while firing additional spears from ancient dragon crests,"[{'name': 'Intelligence', 'amount': 0}, {'name': 'Faith', 'amount': 36}, {'name': 'Arcane', 'amount': 0}]"
sote-incantations-11,Dragonbolt of Florissax,/items/incantations/sote-incantations-11.png,"Special incantation of the ancient dragon Florissax. Calls down red lightning to bolster the caster and nearby allies. While enrobed with red lightning, all forms of damage negation (including physical) are increased. This also increases damage negation while guarding as an additional effect. There was a time when the priestess never knew love, and thus never used this incantation herself.",Incantations,35,1,Calls down red lightning to bolster self and nearby allies,"[{'name': 'Intelligence', 'amount': 0}, {'name': 'Faith', 'amount': 52}, {'name': 'Arcane', 'amount': 0}]"
sote-incantations-12,Electrocharge,/items/incantations/sote-incantations-12.png,"One of the incantations of the capital's ancient dragon cult. Calls down lightning to charge the caster's body. While charged, electric shocks will strike the area several times. Charging increases potency. The origin of incantations that bolster the body with lightning, and now a lost art in the Lands Between.",Incantations,26,1,Calls down lightning to charge body with electricity,"[{'name': 'Intelligence', 'amount': 0}, {'name': 'Faith', 'amount': 30}, {'name': 'Arcane', 'amount': 0}]"
sote-incantations-13,Bayle's Tyranny,/items/incantations/sote-incantations-13.png,"One of the greatest Dragon Communion incantations. Harnesses the fearsome power of Bayle the Dread. Channels the form of the dread dragon to emit a mighty roar accompanied by a heatwave burst, causing violent eruptions of fire in the area. Even after being consumed, the throbbing heart of Bayle continues to resist its subjugation, never weakening. One day, the fire within will consume the very body and soul of its Communion devourer. One day.",Incantations,46,2,Channels dread dragon to roar with a heatwave blast,"[{'name': 'Intelligence', 'amount': 0}, {'name': 'Faith', 'amount': 0}, {'name': 'Arcane', 'amount': 49}]"
sote-incantations-14,Bayle's Flame Lightning,/items/incantations/sote-incantations-14.png,"One of the greatest Dragon Communion incantations. Harnesses the fearsome power of Bayle the Dread. Channels the form of the dread dragon in right arm to smash foes with an exposed talon bone coursing with flame lightning. Even after being consumed, the throbbing heart of Bayle continues to resist its subjugation, never weakening. One day, the fire within will consume the very body and soul of its Communion devourer. One day.",Incantations,43,2,Channels dread dragon to strike with flame-lightning-infused talon bone,"[{'name': 'Intelligence', 'amount': 0}, {'name': 'Faith', 'amount': 0}, {'name': 'Arcane', 'amount': 53}]"
sote-incantations-15,Ghostflame Breath,/items/incantations/sote-incantations-15.png,"One of the incantations of Dragon Communion. Transforms caster into a dragon to spew ghostflame breath. Charging extends duration. The land of spiritgraves is home to all manner of dead, and even the corpses of fallen dragons found their way there. Several of them were endowed with such vivacity that even in death, they could not fully die.",Incantations,36,1,Channels dragon to spew ghostflame breath,"[{'name': 'Intelligence', 'amount': 0}, {'name': 'Faith', 'amount': 23}, {'name': 'Arcane', 'amount': 15}]"
sote-incantations-16,Rotten Butterflies,/items/incantations/sote-incantations-16.png,"Incantation used by Romina, Saint of the Bud. Summons a myriad of butterflies while performing a gentle twirl. The butterflies break apart on contact, scattering rot and setting off a chain reaction. The scarlet butterflies are as the Goddess of Rot's wings. Bereft of a master, they were soothed by Romina, who reached out to them.",Incantations,48,1,Summons countless butterflies to scatter rot,"[{'name': 'Intelligence', 'amount': 0}, {'name': 'Faith', 'amount': 33}, {'name': 'Arcane', 'amount': 0}]"
sote-incantations-17,Pest-Thread Spears,/items/incantations/sote-incantations-17.png,"Skill of the pests known as the Kindred of Rot, now wielded as an incantation. Secrete numerous sticky threads, then twist them into two spears launched frontwards. Charge to enhance potency. The pests are abandoned servants, and it is for this reason that they found a mother in the Saint of the Bud.",Incantations,28,1,Secrete sticky threads and twist them into two frontward flying spears,"[{'name': 'Intelligence', 'amount': 0}, {'name': 'Faith', 'amount': 26}, {'name': 'Arcane', 'amount': 0}]"
sote-incantations-18,Midra's Flame of Frenzy,/items/incantations/sote-incantations-18.png,"Incantation in praise of Midra, Lord of Frenzied Flame. Summons an apparition of the Lord's head to spew frenzied flame. This incantation can be used while in motion. The apparition will remain for as long as the input is held. The Lord of Frenzied Flame shall take their torment, despair. Their affliction. Every sin, every curse. All melted away. Yet Midra, like others before him, was too weak to become a Lord.",Incantations,22,2,Summons Lord of Frenzied Flame's head to spew frenzied flame,"[{'name': 'Intelligence', 'amount': 0}, {'name': 'Faith', 'amount': 41}, {'name': 'Arcane', 'amount': 0}]"
sote-incantations-19,Divine Beast Tornado,/items/incantations/sote-incantations-19.png,"The tempest of the Dancing Lion, wielded as an incantation. A whirlwind-like twist of the body summons a storm, launching a tornado forward. Charging enhances potency. The majority of divine beasts were gored and hung upon Messmer's spears, then burned in his flame. Those who witnessed the deed likened it to a funeral pyre for the tower itself.",Incantations,24,1,Summons a storm that launches a tornado forward,"[{'name': 'Intelligence', 'amount': 0}, {'name': 'Faith', 'amount': 28}, {'name': 'Arcane', 'amount': 0}]"
sote-incantations-20,Divine Bird Feathers,/items/incantations/sote-incantations-20.png,"A technique of the divine bird warriors, the very first of all horned warriors, wielded as an incantation. Spread the arms wide like wings to release a flurry of feathers. This incantation can be cast while in motion. Hold to continue releasing feathers. The divine bird warriors, and indeed this technique, are said to bear resemblance to the golden Crucible.",Incantations,3,1,Spreads arms like wings and releases a flurry of feathers,"[{'name': 'Intelligence', 'amount': 0}, {'name': 'Faith', 'amount': 24}, {'name': 'Arcane', 'amount': 0}]"
sote-incantations-21,Fire Serpent,/items/incantations/sote-incantations-21.png,"Incantation of the Fire Knights under Messmer the Impaler's personal command. Launch a serpentine flame that bends and curls in pursuit of its foe. Charging enhances potency. When the flame they received from Messmer would not find purchase within them, the Fire Knights relied on fire incantations to honor their bond.",Incantations,11,1,Launches a threaded serpentine flame,"[{'name': 'Intelligence', 'amount': 0}, {'name': 'Faith', 'amount': 16}, {'name': 'Arcane', 'amount': 0}]"
sote-incantations-22,Rain of Fire,/items/incantations/sote-incantations-22.png,"Incantation of Salza, sage of the Fire Knights. Summons a cloud of flame overhead that rains fire for a short time. Charging increases potency. Salza's disdain for barbarism never waned, even as he burned more villages and scorched more land than any other.",Incantations,27,1,Rains fire for a short duration,"[{'name': 'Intelligence', 'amount': 0}, {'name': 'Faith', 'amount': 52}, {'name': 'Arcane', 'amount': 0}]"
sote-incantations-23,Messmer's Orb,/items/incantations/sote-incantations-23.png,"An incantation of Messmer the Impaler. Summons Messmer's flame to form a giant floating orb. The orb soars toward a foe, crashes into the earth, and explodes after a brief delay. Charging enhances potency. Messmer despised his own fire. Time and time again he hoped to rid himself of it, but ever did it burn.",Incantations,31,2,Shapes Messmer's flame into a giant orb that soars at foe,"[{'name': 'Intelligence', 'amount': 0}, {'name': 'Faith', 'amount': 60}, {'name': 'Arcane', 'amount': 0}]"
sote-incantations-24,Watchful Spirit,/items/incantations/sote-incantations-24.png,"An entreaty received from the Empyrean grandam. Summon a guardian spirit above the caster's head. The spirit never strays far from the caster, conjuring several apparitions before dissipating. ""Take vengeance upon Messmer and his lot. They who betrayed us, aye, they who burned us... Let them face in thy wrath their just deserts.""",Incantations,12,1,Summons a guardian spirit above the caster's head,"[{'name': 'Intelligence', 'amount': 0}, {'name': 'Faith', 'amount': 26}, {'name': 'Arcane', 'amount': 0}]"
sote-incantations-25,Golden Arcs,/items/incantations/sote-incantations-25.png,"Sorcery of the inquisitors of the tower, wielded as an incantation of the spiral. A swing of the arm releases a procession of golden arcs. Charging enhances potency. The arcs resemble barbs, a known symbol of coercive questioning.",Incantations,12,1,Releases a procession of golden arcs with a swing of the arm,"[{'name': 'Intelligence', 'amount': 0}, {'name': 'Faith', 'amount': 22}, {'name': 'Arcane', 'amount': 0}]"
sote-incantations-26,Giant Golden Arc,/items/incantations/sote-incantations-26.png,"Sorcery of the inquisitors of the tower, wielded as an incantation of the spiral. A swing of the arm releases a giant golden arc. Charging enhances potency. The arc resembles the barb, a known symbol of coercive questioning.",Incantations,24,1,Releases a giant golden arc with a swing of the arm,"[{'name': 'Intelligence', 'amount': 0}, {'name': 'Faith', 'amount': 34}, {'name': 'Arcane', 'amount': 0}]"
sote-incantations-27,Spira,/items/incantations/sote-incantations-27.png,"Superior sorcery of the tower priests, wielded as an incantation of the spiral. Wrap one's arms together and hold them up to the heavens to summon a spiral of light that erupts at the enemy's feet. Column of light persists for as long as the button is pressed. The spiral is a normalized Crucible current that, one day, will form a column that stretches to the gods.",Incantations,10,2,Summons a spiral of light that erupts at the enemy's feet,"[{'name': 'Intelligence', 'amount': 0}, {'name': 'Faith', 'amount': 48}, {'name': 'Arcane', 'amount': 0}]"
